datetime,open,high,low,close,volume,Dividends,Stock Splits,openinterest
2022-01-03 00:00:00-05:00,174.34503855048575,179.2960758764328,174.22739499699918,178.443115234375,104487900,0.0,0.0,0
2022-01-04 00:00:00-05:00,179.05097865451486,179.35490114678188,175.60975505040156,176.1783905029297,99310400,0.0,0.0,0
2022-01-05 00:00:00-05:00,176.09018854441808,176.6392118468071,171.21758429607112,171.49209594726562,94537600,0.0,0.0,0
2022-01-06 00:00:00-05:00,169.3155667126804,171.86462006909193,168.27634210052742,168.62928771972656,96904000,0.0,0.0,0
2022-01-07 00:00:00-05:00,169.50186605484046,170.72736974687896,167.67831596269667,168.7959747314453,86709100,0.0,0.0,0
2022-01-10 00:00:00-05:00,165.76654355936012,169.11952007524562,164.8743732254317,168.8155975341797,106765600,0.0,0.0,0
2022-01-11 00:00:00-05:00,168.9430494474789,171.7469876214078,167.47244497092254,171.64895629882812,76138300,0.0,0.0,0
2022-01-12 00:00:00-05:00,172.6685372139698,173.70776179361494,171.39402553539196,172.09010314941406,74805200,0.0,0.0,0
2022-01-13 00:00:00-05:00,172.33524076743157,173.15877570962883,168.42342735235042,168.8155975341797,84505800,0.0,0.0,0
2022-01-14 00:00:00-05:00,167.9822368621362,170.37442243944997,167.73713612609606,169.6783447265625,80440800,0.0,0.0,0
2022-01-18 00:00:00-05:00,168.1489234825589,169.1587374378629,166.0900860318357,166.47244262695312,90956700,0.0,0.0,0
2022-01-19 00:00:00-05:00,166.6684893743364,167.72732627847407,162.68805608048748,162.9723663330078,94815000,0.0,0.0,0
2022-01-20 00:00:00-05:00,163.7076835662155,166.35476859042288,160.9625522612085,161.2860870361328,91420500,0.0,0.0,0
2022-01-21 00:00:00-05:00,161.19785371976124,163.070426973366,159.1194042209609,159.2272491455078,122848900,0.0,0.0,0
2022-01-24 00:00:00-05:00,156.88407733764427,159.11939476840692,151.66832669269064,158.4527130126953,162294600,0.0,0.0,0
2022-01-25 00:00:00-05:00,155.86446306866296,159.5703851718754,153.94288158687402,156.64878845214844,115798400,0.0,0.0,0
2022-01-26 00:00:00-05:00,160.29586403596446,161.16842196351905,154.72718309601152,156.56053161621094,108275300,0.0,0.0,0
2022-01-27 00:00:00-05:00,159.26645936487785,160.6292188937634,155.17818077822113,156.09976196289062,121954600,0.0,0.0,0
2022-01-28 00:00:00-05:00,162.4625632621154,167.01163189910224,159.6095873711376,166.9920196533203,179935700,0.0,0.0,0
2022-01-31 00:00:00-05:00,166.82537099995082,171.57051772849903,166.1881001011021,171.35482788085938,115541600,0.0,0.0,0
2022-02-01 00:00:00-05:00,170.5999235926481,171.41365989188193,168.93324145579845,171.18817138671875,86213900,0.0,0.0,0
2022-02-02 00:00:00-05:00,171.32540739423024,172.43326746235797,169.93323706636977,172.39404296875,84914300,0.0,0.0,0
2022-02-03 00:00:00-05:00,171.0606961129302,172.78621481447524,168.74694463929947,169.51165771484375,89418100,0.0,0.0,0
2022-02-04 00:00:00-05:00,168.52999503096257,170.9056058671137,167.54834310749567,169.2269744873047,82465400,0.22,0.0,0
2022-02-07 00:00:00-05:00,169.68837067678015,170.75836779564654,167.81341170266444,168.51039123535156,77251200,0.0,0.0,0
2022-02-08 00:00:00-05:00,168.57909567441112,172.1326861402394,168.28459707531294,171.62222290039062,74829200,0.0,0.0,0
2022-02-09 00:00:00-05:00,172.81983276089403,173.40881495712398,171.6909240051843,173.0456085205078,71285000,0.0,0.0,0
2022-02-10 00:00:00-05:00,170.94487045999796,172.26028048182204,168.40239549718422,168.96192932128906,90865900,0.0,0.0,0
2022-02-11 00:00:00-05:00,169.1681054721721,169.9043445353418,164.95680964270105,165.54580688476562,98670700,0.0,0.0,0
2022-02-14 00:00:00-05:00,164.2990984096048,166.46855602542965,163.50396264767951,165.78140258789062,86185500,0.0,0.0,0
2022-02-15 00:00:00-05:00,167.83306039444423,169.77672735442647,167.1262696855739,169.61965942382812,62527400,0.0,0.0,0
2022-02-16 00:00:00-05:00,168.69689508661867,170.1595469185717,166.92991856527323,169.38404846191406,61177400,0.0,0.0,0
2022-02-17 00:00:00-05:00,167.89194849865083,168.75580709374077,165.37892165346722,165.78140258789062,69589300,0.0,0.0,0
2022-02-18 00:00:00-05:00,166.70414435001902,167.4109199862711,163.14074291393072,164.23037719726562,82772700,0.0,0.0,0
2022-02-22 00:00:00-05:00,161.95294792646703,163.63157949063682,159.17487088048674,161.30506896972656,91162800,0.0,0.0,0
2022-02-23 00:00:00-05:00,162.50266399183914,163.1014723054739,156.81890555489676,157.13304138183594,90009200,0.0,0.0,0
2022-02-24 00:00:00-05:00,149.78048479427957,159.86205643085455,149.21112475761413,159.7540740966797,141147500,0.0,0.0,0
2022-02-25 00:00:00-05:00,160.83385456915977,162.090367887761,157.91834703084373,161.82533264160156,91974200,0.0,0.0,0
2022-02-28 00:00:00-05:00,160.06819209824778,162.3848916978169,159.44974647016767,162.09039306640625,95056600,0.0,0.0,0
2022-03-01 00:00:00-05:00,161.67805946523026,163.54320699943037,158.99815406295153,160.20558166503906,83474400,0.0,0.0,0
2022-03-02 00:00:00-05:00,161.37378407895594,164.28929194125575,159.96020269374122,163.50396728515625,79724800,0.0,0.0,0
2022-03-03 00:00:00-05:00,165.3789138092183,165.81084308627598,162.51249176371445,163.1800079345703,76678400,0.0,0.0,0
2022-03-04 00:00:00-05:00,161.4719352294381,162.51248390357455,159.1257876596409,160.1761474609375,83737200,0.0,0.0,0
2022-03-07 00:00:00-05:00,160.3626714753167,161.99221739182056,156.121927641353,156.37716674804688,96418800,0.0,0.0,0
2022-03-08 00:00:00-05:00,155.90600005394768,159.8915053454628,152.94140639728047,154.5513153076172,131148300,0.0,0.0,0
2022-03-09 00:00:00-05:00,158.51716018630677,160.41175632836593,156.4851483427237,159.96018981933594,91454900,0.0,0.0,0
2022-03-10 00:00:00-05:00,157.26066431923064,157.4471806159037,153.11809123534883,155.6114959716797,105342000,0.0,0.0,0
2022-03-11 00:00:00-05:00,156.01394178449013,156.3575259685623,151.665230708696,151.89100646972656,96970100,0.0,0.0,0
2022-03-14 00:00:00-04:00,148.671187726746,151.29219668682538,147.34596655573256,147.85641479492188,108732100,0.0,0.0,0
2022-03-15 00:00:00-04:00,148.1312610379761,152.71558844748628,147.62081285085458,152.244384765625,92964300,0.0,0.0,0
2022-03-16 00:00:00-04:00,154.16847532887076,157.0643462164723,151.6259998194092,156.661865234375,102300200,0.0,0.0,0
2022-03-17 00:00:00-04:00,155.69984300954386,158.04599097202535,154.73782812813226,157.67295837402344,75615400,0.0,0.0,0
2022-03-18 00:00:00-04:00,157.56493454998656,161.46209362986437,156.82869565548296,160.9712677001953,123511700,0.0,0.0,0
2022-03-21 00:00:00-04:00,160.50991215775952,163.2978152048177,160.0190861607253,162.34561157226562,95811400,0.0,0.0,0
2022-03-22 00:00:00-04:00,162.4732228455479,166.31148589554496,161.88424061211234,165.72250366210938,81532000,0.0,0.0,0
2022-03-23 00:00:00-04:00,164.90773681905242,169.4724129582103,164.57396373096856,167.08700561523438,98062700,0.0,0.0,0
2022-03-24 00:00:00-04:00,167.92137775453384,170.94486751449384,167.08698259633016,170.87615966796875,90131400,0.0,0.0,0
2022-03-25 00:00:00-04:00,170.68968274649166,172.0639897819613,169.58041101004764,171.51426696777344,80546200,0.0,0.0,0
2022-03-28 00:00:00-04:00,169.01102337849983,172.5057021088352,168.84414433562662,172.3780975341797,90371900,0.0,0.0,0
2022-03-29 00:00:00-04:00,173.4480983503125,175.72552325481462,173.10451415071458,175.67645263671875,100589400,0.0,0.0,0
2022-03-30 00:00:00-04:00,175.2739882330989,176.31453707900522,173.45792582774143,174.50830078125,92633200,0.0,0.0,0
2022-03-31 00:00:00-04:00,174.5769971900877,174.7635134764267,171.20011173735605,171.40626525878906,103049300,0.0,0.0,0
2022-04-01 00:00:00-04:00,170.83689401317795,171.67130419323556,168.78524495629924,171.11175537109375,78751300,0.0,0.0,0
2022-04-04 00:00:00-04:00,171.36698173645647,175.21505544007368,171.23936219447407,175.1659698486328,76468400,0.0,0.0,0
2022-04-05 00:00:00-04:00,174.2432406248137,175.02856526846452,171.21975048299214,171.84800720214844,73401800,0.0,0.0,0
2022-04-06 00:00:00-04:00,169.1975663148219,170.44426874780456,167.00848619962144,168.6772918701172,89058800,0.0,0.0,0
2022-04-07 00:00:00-04:00,168.01953748650962,170.179168602463,166.73357593477996,168.98155212402344,77594700,0.0,0.0,0
2022-04-08 00:00:00-04:00,168.62818685521674,168.62818685521674,166.0955227852114,166.9691925048828,76575500,0.0,0.0,0
2022-04-11 00:00:00-04:00,165.61452852614607,165.92864940184566,162.46341876782265,162.70883178710938,72246700,0.0,0.0,0
2022-04-12 00:00:00-04:00,164.93716605572558,166.75321318939567,163.5824815614611,164.58377075195312,79265200,0.0,0.0,0
2022-04-13 00:00:00-04:00,164.31873134170252,167.90175523000033,163.71011188136575,167.27349853515625,70618900,0.0,0.0,0
2022-04-14 00:00:00-04:00,167.4894389842446,168.1275216935812,162.01181969599824,162.25723266601562,75329400,0.0,0.0,0
2022-04-18 00:00:00-04:00,160.91236643083627,163.54320112838587,160.5687972770834,162.04127502441406,69023900,0.0,0.0,0
2022-04-19 00:00:00-04:00,161.99220039694603,164.74082870702364,160.90256619104744,164.32852172851562,67723800,0.0,0.0,0
2022-04-20 00:00:00-04:00,165.66359329680822,165.7814017275046,163.05241024771163,164.1616668701172,67929800,0.0,0.0,0
2022-04-21 00:00:00-04:00,165.81085035411152,168.38277391627963,162.86589422198446,163.3665313720703,87227800,0.0,0.0,0
2022-04-22 00:00:00-04:00,163.40580023778472,164.78991818851023,158.53679967564108,158.82147216796875,84882400,0.0,0.0,0
2022-04-25 00:00:00-04:00,158.16377751272768,160.1761672620124,155.55259437743032,159.89149475097656,96046400,0.0,0.0,0
2022-04-26 00:00:00-04:00,159.27303500519898,159.36138008917553,153.84450071149385,153.92303466796875,95623200,0.0,0.0,0
2022-04-27 00:00:00-04:00,153.04934130093488,156.85814023790502,152.52906702631245,153.69723510742188,88063200,0.0,0.0,0
2022-04-28 00:00:00-04:00,156.3280907743164,161.50140133184425,156.01395492484127,160.63754272460938,130216800,0.0,0.0,0
2022-04-29 00:00:00-04:00,158.87057095053723,163.15057467016825,154.36479144385027,154.7574462890625,131747600,0.0,0.0,0
2022-05-02 00:00:00-04:00,153.83468735250372,155.326787567421,150.45780216717014,155.06175231933594,123055300,0.0,0.0,0
2022-05-03 00:00:00-04:00,155.24823424848756,157.7612755693258,153.45182454246736,156.5538330078125,88966500,0.0,0.0,0
2022-05-04 00:00:00-04:00,156.74039514151906,163.42544380743908,156.33791416985588,162.97389221191406,108256500,0.0,0.0,0
2022-05-05 00:00:00-04:00,160.84371492154636,161.06949072780478,152.10700157369598,153.89361572265625,130525300,0.0,0.0,0
2022-05-06 00:00:00-04:00,153.3725293282909,156.74455042350417,151.57346504147074,154.62106323242188,116124600,0.23,0.0,0
2022-05-09 00:00:00-04:00,152.31077917916164,153.19557297112254,148.92894768803646,149.4893035888672,131577900,0.0,0.0,0
2022-05-10 00:00:00-04:00,152.89083834180113,154.09021465537515,150.3446125608553,151.8979034423828,115366700,0.0,0.0,0
2022-05-11 00:00:00-04:00,150.90495956472975,152.82199025284592,143.34496277337416,144.02330017089844,142689800,0.0,0.0,0
2022-05-12 00:00:00-04:00,140.3563740008872,143.7283801675573,136.45348852465227,140.14991760253906,182602000,0.0,0.0,0
2022-05-13 00:00:00-04:00,142.14559929622243,145.59626984264398,140.69062395231782,144.6230010986328,113990900,0.0,0.0,0
2022-05-16 00:00:00-04:00,143.08936935150413,145.02606620057162,141.7425200447831,143.07952880859375,86643800,0.0,0.0,0
2022-05-17 00:00:00-04:00,146.343429833823,147.2380493187645,144.20027628752518,146.71701049804688,78336300,0.0,0.0,0
2022-05-18 00:00:00-04:00,144.36741964547258,144.86879239266452,137.53490151723796,138.43936157226562,109742900,0.0,0.0,0
2022-05-19 00:00:00-04:00,137.51522710531395,139.26513365262397,134.29067919785544,135.0279998779297,136095600,0.0,0.0,0
2022-05-20 00:00:00-04:00,136.73855719175506,138.32133932083437,130.36811151110442,135.263916015625,137426100,0.0,0.0,0
2022-05-23 00:00:00-04:00,135.46054440281267,140.8380709239281,135.32291181364158,140.69061279296875,117726300,0.0,0.0,0
2022-05-24 00:00:00-04:00,138.4294957252956,139.56988862899178,135.00833201503448,137.9871063232422,104132700,0.0,0.0,0
2022-05-25 00:00:00-04:00,136.08976084581695,139.39295887874255,136.0012859433497,138.14443969726562,92482700,0.0,0.0,0
2022-05-26 00:00:00-04:00,135.067317332939,141.89981931591748,134.82154377239428,141.3492889404297,90601500,0.0,0.0,0
2022-05-27 00:00:00-04:00,142.93207874444667,147.1495466635664,142.80427168601537,147.1102294921875,90978500,0.0,0.0,0
2022-05-31 00:00:00-04:00,146.5498987721629,148.11301536783856,144.3575873194881,146.3237762451172,103718400,0.0,0.0,0
2022-06-01 00:00:00-04:00,147.36583831364814,149.17474333360954,145.18336763808455,146.1959686279297,74286600,0.0,0.0,0
2022-06-02 00:00:00-04:00,145.3308530297889,148.71270030734948,144.37725022184313,148.65371704101562,72348100,0.0,0.0,0
2022-06-03 00:00:00-04:00,144.4165336112239,145.46845161750497,142.01779633681872,142.9222412109375,88570300,0.0,0.0,0
2022-06-06 00:00:00-04:00,144.54434106770898,146.05831455755788,142.45034559186539,143.6693878173828,71598400,0.0,0.0,0
2022-06-07 00:00:00-04:00,141.9096766255686,146.48105939148104,141.66390303598558,146.1959686279297,67808200,0.0,0.0,0
2022-06-08 00:00:00-04:00,146.06816238698744,147.3363475160415,144.96710149969525,145.45864868164062,53950200,0.0,0.0,0
2022-06-09 00:00:00-04:00,144.59353368240036,145.44882105467732,140.12045092928022,140.2285919189453,69473000,0.0,0.0,0
2022-06-10 00:00:00-04:00,137.9084939649238,138.3803751202598,134.74292850458303,134.81175231933594,91437900,0.0,0.0,0
2022-06-13 00:00:00-04:00,130.6237359424125,132.91434748083088,129.2179182819536,129.65048217773438,122207100,0.0,0.0,0
2022-06-14 00:00:00-04:00,130.87934957569854,131.62649584691928,129.25723497256138,130.51559448242188,84784300,0.0,0.0,0
2022-06-15 00:00:00-04:00,132.01969996284308,135.01813996515114,129.92571973239964,133.1404266357422,91533000,0.0,0.0,0
2022-06-16 00:00:00-04:00,129.84710666597098,130.15186352165608,126.85849136974434,127.86125183105469,108123900,0.0,0.0,0
2022-06-17 00:00:00-04:00,127.87109072638007,130.8301993524765,127.61547659200777,129.3358917236328,134520300,0.0,0.0,0
2022-06-21 00:00:00-04:00,131.1644653180902,134.74292866881555,131.06616486939242,133.5730438232422,81000500,0.0,0.0,0
2022-06-22 00:00:00-04:00,132.5112527755898,135.4310435768621,131.64614013134977,133.06179809570312,73409200,0.0,0.0,0
2022-06-23 00:00:00-04:00,134.50695054622625,136.2470164136777,133.33706609243566,135.93243408203125,72433800,0.0,0.0,0
2022-06-24 00:00:00-04:00,137.53488121755194,139.51091028418583,137.40708916408835,139.26513671875,89116800,0.0,0.0,0
2022-06-27 00:00:00-04:00,140.2875481505987,141.06420101783954,138.58679927801467,139.26513671875,70207900,0.0,0.0,0
2022-06-28 00:00:00-04:00,139.72718457219997,140.99536950005523,134.99850383222812,135.11647033691406,67083400,0.0,0.0,0
2022-06-29 00:00:00-04:00,135.13616958742787,138.29189436889533,134.35951657209444,136.87623596191406,66242400,0.0,0.0,0
2022-06-30 00:00:00-04:00,134.9296996947126,136.0307605677301,131.50853555295868,134.40866088867188,98964500,0.0,0.0,0
2022-07-01 00:00:00-04:00,133.74014164921843,136.68942454210836,133.36657601668242,136.58128356933594,71051600,0.0,0.0,0
2022-07-05 00:00:00-04:00,135.44090360755794,139.2159820551499,134.6150930089742,139.1668243408203,73353800,0.0,0.0,0
2022-07-06 00:00:00-04:00,138.9604099493396,141.68357084268348,138.69497024103305,140.5038604736328,74064300,0.0,0.0,0
2022-07-07 00:00:00-04:00,140.86755844211166,144.07245506921953,140.85773290060996,143.87583923339844,66253700,0.0,0.0,0
2022-07-08 00:00:00-04:00,142.80426217519934,145.0555563580384,142.5486630761882,144.55416870117188,64547800,0.0,0.0,0
2022-07-11 00:00:00-04:00,143.20731568215325,144.16091815878815,141.34926843402636,142.42083740234375,63141600,0.0,0.0,0
2022-07-12 00:00:00-04:00,143.2958190916168,145.94034514627222,142.597830542374,143.39413452148438,77588800,0.0,0.0,0
2022-07-13 00:00:00-04:00,140.57268974411542,143.9741883569345,139.71738731766604,143.03042602539062,71185600,0.0,0.0,0
2022-07-14 00:00:00-04:00,141.64425310609462,146.43191837704046,140.82828289550088,145.9600372314453,78140700,0.0,0.0,0
2022-07-15 00:00:00-04:00,147.24788039896364,148.30962416813094,145.69458942189468,147.63128662109375,76259900,0.0,0.0,0
2022-07-18 00:00:00-04:00,148.1916802315473,149.00765052116517,144.2199697857166,144.58372497558594,81420900,0.0,0.0,0
2022-07-19 00:00:00-04:00,145.41930294883997,148.67334258980395,144.42638313418118,148.44723510742188,82982400,0.0,0.0,0
2022-07-20 00:00:00-04:00,148.56518922635394,151.12124012126654,147.8278685836861,150.45272827148438,64823400,0.0,0.0,0
2022-07-21 00:00:00-04:00,151.8880729314102,152.93999105761137,149.37135386420036,152.7237091064453,65086600,0.0,0.0,0
2022-07-22 00:00:00-04:00,152.76302623024424,153.63797957756256,150.8165036712,151.48500061035156,66675400,0.0,0.0,0
2022-07-25 00:00:00-04:00,151.40636601369852,152.41895206482627,149.70561686969222,150.36428833007812,53623900,0.0,0.0,0
2022-07-26 00:00:00-04:00,149.6859555702162,150.5019257638896,148.25064607355188,149.03712463378906,55138700,0.0,0.0,0
2022-07-27 00:00:00-04:00,150.00053965418954,154.6702378768067,149.58764182197348,154.1393585205078,78620700,0.0,0.0,0
2022-07-28 00:00:00-04:00,154.32617098055007,154.97501695314946,151.79962590663797,154.68992614746094,81378700,0.0,0.0,0
2022-07-29 00:00:00-04:00,158.51413057382698,160.86372535437394,156.8035410889223,159.7626495361328,101786900,0.0,0.0,0
2022-08-01 00:00:00-04:00,158.28800912044616,160.82439423501998,158.17004260375904,158.77955627441406,67829400,0.0,0.0,0
2022-08-02 00:00:00-04:00,157.39343680580816,159.66438272023254,156.9313811867624,157.30494689941406,59907000,0.0,0.0,0
2022-08-03 00:00:00-04:00,158.1209093333162,163.7737024778556,158.03243443212287,163.3214874267578,82507500,0.0,0.0,0
2022-08-04 00:00:00-04:00,163.20349759569137,164.36355679986545,161.65020662786893,163.0068817138672,55474100,0.0,0.0,0
2022-08-05 00:00:00-04:00,160.6737279405912,163.27270181625158,160.4669847249699,162.7804718017578,56697000,0.23,0.0,0
2022-08-08 00:00:00-04:00,163.78456623385267,165.20219069837998,161.64829034721447,162.30787658691406,60276900,0.0,0.0,0
2022-08-09 00:00:00-04:00,161.47109366714804,163.24312423537512,160.71305544763848,162.3571014404297,63135500,0.0,0.0,0
2022-08-10 00:00:00-04:00,165.07423053223724,166.70843758837208,164.30635300401312,166.61000061035156,70170500,0.0,0.0,0
2022-08-11 00:00:00-04:00,167.41725259761515,168.3328081399825,165.5763173430876,165.8716583251953,57149200,0.0,0.0,0
2022-08-12 00:00:00-04:00,167.18096997345785,169.49444148391456,166.76748363956287,169.425537109375,68039400,0.0,0.0,0
2022-08-15 00:00:00-04:00,168.85456522976827,170.69550042466776,168.6872088503834,170.4986114501953,54091700,0.0,0.0,0
2022-08-16 00:00:00-04:00,170.09494952268685,171.01050487518168,168.99235944125613,170.341064453125,56377100,0.0,0.0,0
2022-08-17 00:00:00-04:00,170.08512611334214,173.41259006684885,169.8882371550574,171.83746337890625,79542000,0.0,0.0,0
2022-08-18 00:00:00-04:00,171.049901871482,172.18202470973497,170.42968734841074,171.4436798095703,62290100,0.0,0.0,0
2022-08-19 00:00:00-04:00,170.34109754225454,171.04007069000778,168.64782529018512,168.8545684814453,70346300,0.0,0.0,0
2022-08-22 00:00:00-04:00,167.0530078857762,167.22036427123675,164.54263206053483,164.96595764160156,69026800,0.0,0.0,0
2022-08-23 00:00:00-04:00,164.48353211875664,166.08820627220155,164.0602066271234,164.63119506835938,54147100,0.0,0.0,0
2022-08-24 00:00:00-04:00,164.7198312893935,165.4975479706951,163.6664520268514,164.9265594482422,53841500,0.0,0.0,0
2022-08-25 00:00:00-04:00,166.15715087983543,167.49601702656614,165.73384030735204,167.38772583007812,51218200,0.0,0.0,0
2022-08-26 00:00:00-04:00,167.91930837052172,168.3918448489658,161.0182358432931,161.07730102539062,78961000,0.0,0.0,0
2022-08-29 00:00:00-04:00,158.645710009374,160.36851486839709,157.33639153558275,158.8721466064453,73314000,0.0,0.0,0
2022-08-30 00:00:00-04:00,159.61048321715364,160.0337937500244,155.26901159376436,156.44052124023438,77906200,0.0,0.0,0
2022-08-31 00:00:00-04:00,157.81872539573374,158.08453370950164,154.6979900819745,154.77674865722656,87991100,0.0,0.0,0
2022-09-01 00:00:00-04:00,154.20578537018633,155.95812264539694,152.26639832599292,155.50527954101562,74229900,0.0,0.0,0
2022-09-02 00:00:00-04:00,157.26746135406307,157.86798246463846,152.56174446332417,153.38868713378906,76957800,0.0,0.0,0
2022-09-06 00:00:00-04:00,154.03844040820118,154.64880073393257,151.30164311185825,152.1285858154297,73714800,0.0,0.0,0
2022-09-07 00:00:00-04:00,152.41409323627113,154.2353350897476,151.22289011406963,153.536376953125,87449600,0.0,0.0,0
2022-09-08 00:00:00-04:00,152.2368879656222,153.9301603024717,150.3073398300262,152.0596923828125,84923800,0.0,0.0,0
2022-09-09 00:00:00-04:00,153.05398588476703,155.36747271934937,152.34517353637017,154.92445373535156,68028800,0.0,0.0,0
2022-09-12 00:00:00-04:00,157.10993674145692,161.70736223015916,156.82445000741808,160.8902587890625,104956000,0.0,0.0,0
2022-09-13 00:00:00-04:00,157.4151508670422,158.04520467768552,150.98662815133733,151.44932556152344,122656600,0.0,0.0,0
2022-09-14 00:00:00-04:00,152.38454574724284,154.65866080063967,151.22289024182777,152.89646911621094,87965400,0.0,0.0,0
2022-09-15 00:00:00-04:00,152.24668790524385,152.82753054970132,149.02751547416497,150.0021209716797,90481100,0.0,0.0,0
2022-09-16 00:00:00-04:00,148.8602233197821,148.9980471375347,146.0643451256061,148.35813903808594,162278800,0.0,0.0,0
2022-09-19 00:00:00-04:00,146.98967559142943,152.15808902303615,146.7829474662964,152.07933044433594,81474200,0.0,0.0,0
2022-09-20 00:00:00-04:00,151.0161367015711,155.6234166633189,150.7011173572486,154.4617462158203,107689800,0.0,0.0,0
2022-09-21 00:00:00-04:00,154.89491678247586,156.2731696529989,151.21304637695786,151.3311767578125,101696800,0.0,0.0,0
2022-09-22 00:00:00-04:00,150.01200313979504,152.06952070873675,148.5648458969192,150.3664093017578,86652500,0.0,0.0,0
2022-09-23 00:00:00-04:00,148.84049957750184,149.1161471568303,146.2513651484526,148.09230041503906,96029900,0.0,0.0,0
2022-09-26 00:00:00-04:00,147.33429645998447,151.38042791500837,147.31460305268052,148.4270477294922,93339400,0.0,0.0,0
2022-09-27 00:00:00-04:00,150.3664080888261,152.315634453065,147.619756600354,149.40162658691406,84442700,0.0,0.0,0
2022-09-28 00:00:00-04:00,145.34565069913458,148.29903022974963,142.58916013289422,147.51145935058594,146691400,0.0,0.0,0
2022-09-29 00:00:00-04:00,143.8295935811918,144.4399538960587,138.49380784574632,140.26583862304688,128138200,0.0,0.0,0
2022-09-30 00:00:00-04:00,139.084506748129,140.8762311475777,135.85547916959945,136.0523681640625,124925300,0.0,0.0,0
2022-10-03 00:00:00-04:00,136.06222721595856,140.84670355770672,135.5503037948178,140.236328125,114311700,0.0,0.0,0
2022-10-04 00:00:00-04:00,142.77621059568105,143.9477202186119,142.01817230643195,143.82958984375,87830100,0.0,0.0,0
2022-10-05 00:00:00-04:00,141.83114535247526,145.0897052260287,140.7876052377075,144.1249237060547,79471000,0.0,0.0,0
2022-10-06 00:00:00-04:00,143.54409774342406,145.24720918960443,142.9632699990137,143.1699981689453,68402200,0.0,0.0,0
2022-10-07 00:00:00-04:00,140.32488726950297,140.87619735207727,137.28291022305208,137.9129638671875,85925600,0.0,0.0,0
2022-10-10 00:00:00-04:00,138.23785400390625,139.68501122355408,136.41661224606074,138.23785400390625,74899000,0.0,0.0,0
2022-10-11 00:00:00-04:00,137.7259221748937,139.15340092464973,136.07203689531147,136.82022094726562,77033700,0.0,0.0,0
2022-10-12 00:00:00-04:00,136.96788662576586,138.17876788392184,136.01295948883356,136.19015502929688,70433700,0.0,0.0,0
2022-10-13 00:00:00-04:00,132.8922353283637,141.35858069211028,132.2818600306571,140.76791381835938,113224000,0.0,0.0,0
2022-10-14 00:00:00-04:00,142.06740859428484,142.27415178693437,136.04251869325435,136.2295684814453,88598000,0.0,0.0,0
2022-10-17 00:00:00-04:00,138.8777422312096,140.6792903298468,138.090171437718,140.19691467285156,85250900,0.0,0.0,0
2022-10-18 00:00:00-04:00,143.22906350371468,144.420251464502,138.4248948126108,141.51609802246094,99136600,0.0,0.0,0
2022-10-19 00:00:00-04:00,139.488113651557,142.69744724205523,139.3010638831592,141.6243896484375,61758300,0.0,0.0,0
2022-10-20 00:00:00-04:00,140.79742161104537,143.62281596473647,140.43316133031158,141.1616668701172,64522000,0.0,0.0,0
2022-10-21 00:00:00-04:00,140.6497673856839,145.5523880250328,140.43318502707822,144.9813995361328,86548600,0.0,0.0,0
2022-10-24 00:00:00-04:00,144.90264390563777,147.89539516122247,143.73113431154985,147.1275177001953,75981900,0.0,0.0,0
2022-10-25 00:00:00-04:00,147.75760587015327,150.12031901228244,147.0389542369439,149.97264099121094,74732300,0.0,0.0,0
2022-10-26 00:00:00-04:00,148.61406419672124,149.62805663114864,145.73942824213276,147.02908325195312,88194300,0.0,0.0,0
2022-10-27 00:00:00-04:00,145.76897734753766,146.73374379544853,141.8902031311427,142.54978942871094,109180200,0.0,0.0,0
2022-10-28 00:00:00-04:00,145.89694295512044,155.05242232533004,145.52285843662315,153.3197784423828,164762400,0.0,0.0,0
2022-10-31 00:00:00-04:00,150.77988145527678,151.84309994681692,149.55914577499016,150.9570770263672,97943200,0.0,0.0,0
2022-11-01 00:00:00-04:00,152.6700490040681,153.03429437423398,146.8125153766711,148.3088836669922,80379300,0.0,0.0,0
2022-11-02 00:00:00-04:00,146.63526416809174,149.80522549265257,142.74665149380002,142.77618408203125,93604600,0.0,0.0,0
2022-11-03 00:00:00-04:00,139.85237716768756,140.58088293366475,136.59381715822644,136.7218017578125,97918500,0.0,0.0,0
2022-11-04 00:00:00-04:00,140.11394767074316,140.68588340372804,132.51117923439392,136.45555114746094,140814800,0.23,0.0,0
2022-11-07 00:00:00-05:00,135.2032111952328,137.21483428526327,133.78323487446542,136.988037109375,83374600,0.0,0.0,0
2022-11-08 00:00:00-05:00,138.457315240062,139.46311921929427,135.57792562085092,137.55996704101562,89908500,0.0,0.0,0
2022-11-09 00:00:00-05:00,136.57387654941147,136.6231842073022,132.71824941976038,132.99435424804688,74917800,0.0,0.0,0
2022-11-10 00:00:00-05:00,139.27577571396307,144.8274688720703,137.5599685390709,144.8274688720703,118854000,0.0,0.0,0
2022-11-11 00:00:00-05:00,143.79207283535823,147.9237894166263,142.3622261036816,147.61810302734375,93979700,0.0,0.0,0
2022-11-14 00:00:00-05:00,146.898256219997,148.19003547375948,145.37966477232854,146.2178497314453,73374100,0.0,0.0,0
2022-11-15 00:00:00-05:00,150.10307492440734,151.45401749484597,146.49397099909157,147.95338439941406,89868300,0.0,0.0,0
2022-11-16 00:00:00-05:00,147.05603190661645,147.78573098764542,145.24160962263343,146.7207489013672,64218300,0.0,0.0,0
2022-11-17 00:00:00-05:00,144.3935698429272,149.3733417806034,144.1174650466656,148.62391662597656,80389400,0.0,0.0,0
2022-11-18 00:00:00-05:00,150.1918083587428,150.57638399086812,147.88435456599078,149.1859893798828,74829600,0.0,0.0,0
2022-11-21 00:00:00-05:00,148.07169232238655,148.27876337571863,145.66562358265233,145.9515838623047,58724100,0.0,0.0,0
2022-11-22 00:00:00-05:00,146.06998227319062,148.32812895303292,144.88665846281648,148.09146118164062,51804100,0.0,0.0,0
2022-11-23 00:00:00-05:00,147.3716047055876,149.71851100166924,147.2631338671993,148.96908569335938,58301400,0.0,0.0,0
2022-11-25 00:00:00-05:00,146.2474322409697,146.80951240345237,145.07397930940053,146.0502166748047,35195900,0.0,0.0,0
2022-11-28 00:00:00-05:00,143.12152865000314,144.6006680593858,141.38601049309779,142.21432495117188,69246000,0.0,0.0,0
2022-11-29 00:00:00-05:00,142.28334655275705,142.79611910491008,138.39815293017466,139.2067413330078,83763800,0.0,0.0,0
2022-11-30 00:00:00-05:00,139.43354266054223,146.65175056417294,138.59537264763534,145.97134399414062,111380900,0.0,0.0,0
2022-12-01 00:00:00-05:00,146.14883626075934,147.05603992895004,144.57108159207246,146.2474365234375,71250400,0.0,0.0,0
2022-12-02 00:00:00-05:00,143.93014669455255,145.94176987503505,143.62444521311474,145.75440979003906,65447400,0.0,0.0,0
2022-12-05 00:00:00-05:00,145.7149349673014,148.82112121960265,143.7427493984544,144.59078979492188,68826400,0.0,0.0,0
2022-12-06 00:00:00-05:00,145.02469664926164,145.25149381357704,139.94630895435972,140.92254638671875,64727200,0.0,0.0,0
2022-12-07 00:00:00-05:00,140.21258159638873,141.37616424281495,138.05303527991336,138.97996520996094,69721100,0.0,0.0,0
2022-12-08 00:00:00-05:00,140.38017739203008,141.52404869832506,139.13770582962303,140.6661376953125,62128300,0.0,0.0,0
2022-12-09 00:00:00-05:00,140.36044235847584,143.54553286380045,138.94046635121737,140.18295288085938,76097000,0.0,0.0,0
2022-12-12 00:00:00-05:00,140.71546075742316,142.4904310742392,139.09826892356506,142.48057556152344,70462700,0.0,0.0,0
2022-12-13 00:00:00-05:00,147.4209143273598,147.8843792751259,142.2340701831816,143.44696044921875,93886200,0.0,0.0,0
2022-12-14 00:00:00-05:00,143.3286067000526,144.62038597056736,139.19687510886934,141.21836853027344,82291200,0.0,0.0,0
2022-12-15 00:00:00-05:00,139.14757356682156,139.827980094081,134.1382196907759,134.6016845703125,98931900,0.0,0.0,0
2022-12-16 00:00:00-05:00,134.7890645018001,135.73570542541242,131.87022238639204,132.63937377929688,160156900,0.0,0.0,0
2022-12-19 00:00:00-05:00,133.23102933615738,133.31977409731115,129.49374338835526,130.5291290283203,79592600,0.0,0.0,0
2022-12-20 00:00:00-05:00,129.56276523870264,131.39689891358117,128.08362566369047,130.46011352539062,77432800,0.0,0.0,0
2022-12-21 00:00:00-05:00,131.13064842267107,134.90738657654524,130.9038512362098,133.56629943847656,85928000,0.0,0.0,0
2022-12-22 00:00:00-05:00,132.48161030905115,132.68868142818795,128.48793035610765,130.39108276367188,77852100,0.0,0.0,0
2022-12-23 00:00:00-05:00,129.09926968617603,130.57840891041715,127.83707208521685,130.0261993408203,63814900,0.0,0.0,0
2022-12-27 00:00:00-05:00,129.55289592303325,129.58247750765514,126.92988507827397,128.22166442871094,69007800,0.0,0.0,0
2022-12-28 00:00:00-05:00,127.8666776669259,129.2077647504938,124.11952877613886,124.28716278076172,85438400,0.0,0.0,0
2022-12-29 00:00:00-05:00,126.2100445910704,128.66541412512194,125.95366582047207,127.8075180053711,75703700,0.0,0.0,0
2022-12-30 00:00:00-05:00,126.62419645842127,128.14277294659772,125.657822079017,128.123046875,77034200,0.0,0.0,0
